{
  "version": 1,
  "author": "Aziz Arif Rizaldi",
  "editor": "wokwi",
  "parts": [
    { "type": "wokwi-breadboard-half", "id": "bb1", "top": -262.2, "left": 12.4, "attrs": {} },
    { "type": "wokwi-arduino-uno", "id": "uno", "top": 67.8, "left": 124.2, "attrs": {} },
    { "type": "wokwi-hc-sr04", "id": "ultrasonic1", "top": -200.1, "left": 91.9, "attrs": {} },
    {
      "type": "wokwi-lcd1602",
      "id": "lcd1",
      "top": -166.4,
      "left": 399.2,
      "attrs": { "pins": "i2c" }
    }
  ],
  "connections": [
    [ "uno:5V", "bb1:bn.1", "red", [ "v29.3", "h233.6", "v-268.8", "h-345.6" ] ],
    [ "uno:GND.2", "bb1:bp.1", "black", [ "v19.7", "h204.9", "v-240", "h-345.6", "v-48" ] ],
    [ "ultrasonic1:GND", "bb1:bp.14", "black", [ "v0" ] ],
    [ "ultrasonic1:VCC", "bb1:bn.11", "red", [ "v0" ] ],
    [ "ultrasonic1:ECHO", "uno:10", "green", [ "v76.8", "h-29.7" ] ],
    [ "ultrasonic1:TRIG", "uno:11", "green", [ "v67.2", "h-38.8" ] ],
    [ "bb1:bn.25", "lcd1:VCC", "red", [ "v0" ] ],
    [ "bb1:bp.24", "lcd1:GND", "black", [ "v0" ] ],
    [ "ultrasonic1:VCC", "bb1:14b.j", "", [ "$bb" ] ],
    [ "ultrasonic1:TRIG", "bb1:15b.j", "", [ "$bb" ] ],
    [ "ultrasonic1:ECHO", "bb1:16b.j", "", [ "$bb" ] ],
    [ "ultrasonic1:GND", "bb1:17b.j", "", [ "$bb" ] ],
    [ "uno:A5.2", "lcd1:SCL", "blue", [ "v-19.2", "h172.8", "v-163.2" ] ],
    [ "uno:A4.2", "lcd1:SDA", "yellow", [ "v-28.8", "h153.2", "v-163.2" ] ]
  ],
  "dependencies": {}
}